{"data":{"years":[2012,2013,2014],"X0.99":[503508.119999999,322317.35,89334.42],"X0.95":[332717.4,191873,65167.5999999998],"X0.5":[8016,8203.5,1579],"X0.25":[444,948,63]},"labels":[0.99,0.95,0.5,0.25]}