{"data":{"years":[2012,2013,2014],"X0.99":[503508.119999999,324803.2,90244.2],"X0.95":[332717.4,197201,60831.9499999998],"X0.5":[8016,8273,1774],"X0.25":[444,949,80.75]},"labels":[0.99,0.95,0.5,0.25]}