{"data":{"years":[2012,2013,2014],"X0.99":[567601.760000002,386035.579999996,177592.820000001],"X0.95":[338711.3,216356.2,101257.999999999],"X0.5":[8046,8538,5375],"X0.25":[456,963.5,243.5]},"labels":[0.99,0.95,0.5,0.25]}