{"data":{"years":[2012,2013,2014],"X0.99":[503508.119999999,331755.34,147336.04],"X0.95":[332717.4,204628.3,77568.1999999999],"X0.5":[8016,8356,4010],"X0.25":[444,953,172]},"labels":[0.99,0.95,0.5,0.25]}