{"data":{"years":[2012,2013,2014],"X0.99":[461131.350000001,321323.6,76288.0999999998],"X0.95":[330027.5,189894,57647.75],"X0.5":[7986,8180,1320],"X0.25":[442.25,943,47]},"labels":[0.99,0.95,0.5,0.25]}