{"Closed":{"old_value":["0","0","0","0","Closed","0","0"],"new_value":["Closed","In Progress","Open","Ready To Review","Reopened","Resolved","Reviewable"],"issue":[0,0,0,0,149,0,0],"f":[0,0,0,0,1,0,0]},"In Progress":{"old_value":["In Progress","0","In Progress","In Progress","0","In Progress","In Progress"],"new_value":["Closed","In Progress","Open","Ready To Review","Reopened","Resolved","Reviewable"],"issue":[22,0,326,330,0,480,52],"f":[0.0181818181818182,0,0.269421487603306,0.272727272727273,0,0.396694214876033,0.0429752066115702]},"Open":{"old_value":["Open","Reopened","Open","Reopened","Open","0","Reopened","Open","Reopened","0"],"new_value":["Closed","Closed","In Progress","In Progress","Open","Ready To Review","Reopened","Resolved","Resolved","Reviewable"],"issue":[502,111,1230,63,1,0,1,4254,617,0],"f":[0.0740522200914589,0.0163740964744063,0.18144269066234,0.00929340610709544,0.000147514382652309,0,0.000147514382652309,0.627526183802921,0.0910163740964744,0]},"Ready To Review":{"old_value":["0","0","Ready To Review","0","0","Ready To Review","0"],"new_value":["Closed","In Progress","Open","Ready To Review","Reopened","Resolved","Reviewable"],"issue":[0,0,19,0,0,296,0],"f":[0,0,0.0603174603174603,0,0,0.93968253968254,0]},"Reopened":{"old_value":["Reopened","Reopened","0","0","Reopened","Reopened","0"],"new_value":["Closed","In Progress","Open","Ready To Review","Reopened","Resolved","Reviewable"],"issue":[111,63,0,0,1,617,0],"f":[0.140151515151515,0.0795454545454545,0,0,0.00126262626262626,0.779040404040404,0]},"Resolved":{"old_value":["Resolved","0","0","0","Resolved","0","0"],"new_value":["Closed","In Progress","Open","Ready To Review","Reopened","Resolved","Reviewable"],"issue":[3309,0,0,0,708,0,0],"f":[0.823749066467513,0,0,0,0.176250933532487,0,0]},"Reviewable":{"old_value":["0","0","Reviewable","0","0","Reviewable","0"],"new_value":["Closed","In Progress","Open","Ready To Review","Reopened","Resolved","Reviewable"],"issue":[0,0,3,0,0,42,0],"f":[0,0,0.0666666666666667,0,0,0.933333333333333,0]}}