{"data":{"years":[2012,2013,2014],"X0.99":[743090.759999997,463487.349999999,228660.05],"X0.95":[349274,230915.1,133655.35],"X0.5":[8144.5,8656.5,5357.5],"X0.25":[468.5,988,275.25]},"labels":[0.99,0.95,0.5,0.25]}