{"data":{"years":[2012,2013,2014],"X0.99":[743090.759999997,463487.349999999,228739.45],"X0.95":[349274,230915.1,135087.149999999],"X0.5":[8144.5,8656.5,5408],"X0.25":[468.5,988,280.75]},"labels":[0.99,0.95,0.5,0.25]}