{"data":{"years":[2012,2013,2014],"X0.99":[658539.399999997,441897.669999996,223132.76],"X0.95":[346215,225526.2,128244.8],"X0.5":[8129,8653,4627],"X0.25":[468,985.5,265]},"labels":[0.99,0.95,0.5,0.25]}