{"Closed":{"old_value":["0","0","0","0","Closed","0","0"],"new_value":["Closed","In Progress","Open","Ready To Review","Reopened","Resolved","Reviewable"],"issue":[0,0,0,0,159,0,0],"f":[0,0,0,0,1,0,0]},"In Progress":{"old_value":["In Progress","0","In Progress","In Progress","0","In Progress","In Progress"],"new_value":["Closed","In Progress","Open","Ready To Review","Reopened","Resolved","Reviewable"],"issue":[24,0,372,330,0,523,178],"f":[0.0168185003503854,0,0.260686755430974,0.2312543798178,0,0.366503153468816,0.124737210932025]},"Open":{"old_value":["Open","Reopened","Open","Reopened","Open","0","Reopened","Open","Reopened","0"],"new_value":["Closed","Closed","In Progress","In Progress","Open","Ready To Review","Reopened","Resolved","Resolved","Reviewable"],"issue":[601,121,1431,66,1,0,1,4928,676,0],"f":[0.0768051118210863,0.0154632587859425,0.182875399361022,0.00843450479233227,0.00012779552715655,0,0.00012779552715655,0.629776357827476,0.0863897763578275,0]},"Ready To Review":{"old_value":["0","0","Ready To Review","0","0","Ready To Review","0"],"new_value":["Closed","In Progress","Open","Ready To Review","Reopened","Resolved","Reviewable"],"issue":[0,0,19,0,0,296,0],"f":[0,0,0.0603174603174603,0,0,0.93968253968254,0]},"Reopened":{"old_value":["Reopened","Reopened","0","0","Reopened","Reopened","0"],"new_value":["Closed","In Progress","Open","Ready To Review","Reopened","Resolved","Reviewable"],"issue":[121,66,0,0,1,676,0],"f":[0.140046296296296,0.0763888888888889,0,0,0.00115740740740741,0.782407407407407,0]},"Resolved":{"old_value":["Resolved","0","0","0","Resolved","0","0"],"new_value":["Closed","In Progress","Open","Ready To Review","Reopened","Resolved","Reviewable"],"issue":[3675,0,0,0,759,0,0],"f":[0.828822733423545,0,0,0,0.171177266576455,0,0]},"Reviewable":{"old_value":["0","0","Reviewable","0","0","Reviewable","0"],"new_value":["Closed","In Progress","Open","Ready To Review","Reopened","Resolved","Reviewable"],"issue":[0,0,8,0,0,156,0],"f":[0,0,0.0487804878048781,0,0,0.951219512195122,0]}}