{"Closed":{"old_value":["0","0","0","0","Closed","0","0"],"new_value":["Closed","In Progress","Open","Ready To Review","Reopened","Resolved","Reviewable"],"issue":[0,0,0,0,153,0,0],"f":[0,0,0,0,1,0,0]},"In Progress":{"old_value":["In Progress","0","In Progress","In Progress","0","In Progress","In Progress"],"new_value":["Closed","In Progress","Open","Ready To Review","Reopened","Resolved","Reviewable"],"issue":[23,0,346,330,0,497,66],"f":[0.0182250396196513,0,0.274167987321712,0.26148969889065,0,0.393819334389857,0.05229793977813]},"Open":{"old_value":["Open","Reopened","Open","Reopened","Open","0","Reopened","Open","Reopened","0"],"new_value":["Closed","Closed","In Progress","In Progress","Open","Ready To Review","Reopened","Resolved","Resolved","Reviewable"],"issue":[515,112,1275,65,1,0,1,4463,638,0],"f":[0.0728429985855728,0.0158415841584158,0.18033946251768,0.00919377652050919,0.000141442715700141,0,0.000141442715700141,0.631258840169731,0.0902404526166902,0]},"Ready To Review":{"old_value":["0","0","Ready To Review","0","0","Ready To Review","0"],"new_value":["Closed","In Progress","Open","Ready To Review","Reopened","Resolved","Reviewable"],"issue":[0,0,19,0,0,296,0],"f":[0,0,0.0603174603174603,0,0,0.93968253968254,0]},"Reopened":{"old_value":["Reopened","Reopened","0","0","Reopened","Reopened","0"],"new_value":["Closed","In Progress","Open","Ready To Review","Reopened","Resolved","Reviewable"],"issue":[112,65,0,0,1,638,0],"f":[0.137254901960784,0.079656862745098,0,0,0.00122549019607843,0.781862745098039,0]},"Resolved":{"old_value":["Resolved","0","0","0","Resolved","0","0"],"new_value":["Closed","In Progress","Open","Ready To Review","Reopened","Resolved","Reviewable"],"issue":[3346,0,0,0,728,0,0],"f":[0.821305841924399,0,0,0,0.178694158075601,0,0]},"Reviewable":{"old_value":["0","0","Reviewable","0","0","Reviewable","0"],"new_value":["Closed","In Progress","Open","Ready To Review","Reopened","Resolved","Reviewable"],"issue":[0,0,3,0,0,53,0],"f":[0,0,0.0535714285714286,0,0,0.946428571428571,0]}}