{"data":{"years":[2012,2013,2014],"X0.99":[503508.119999999,325158.3,90634.2],"X0.95":[332717.4,197687.9,64791.1999999998],"X0.5":[8016,8274,2237],"X0.25":[444,949.5,82]},"labels":[0.99,0.95,0.5,0.25]}