{"data":{"years":[2012,2013,2014],"X0.99":[462203.899999999,321943.6,80060.0300000002],"X0.95":[330578,191270,58748.1],"X0.5":[7126,7926,1270],"X0.25":[440.5,917,48]},"labels":[0.99,0.95,0.5,0.25]}