{"data":{"years":[2012,2013,2014],"X0.99":[974740.28,524185.199999999,303360.01],"X0.95":[370490.5,268143.799999999,148288.1],"X0.5":[8236,8825,5997],"X0.25":[490.5,1020,262]},"labels":[0.99,0.95,0.5,0.25]}