{"Closed":{"old_value":["0","0","0","0","Closed","0","0"],"new_value":["Closed","In Progress","Open","Ready To Review","Reopened","Resolved","Reviewable"],"issue":[0,0,0,0,124,0,0],"f":[0,0,0,0,1,0,0]},"In Progress":{"old_value":["In Progress","0","In Progress","In Progress","0","In Progress","In Progress"],"new_value":["Closed","In Progress","Open","Ready To Review","Reopened","Resolved","Reviewable"],"issue":[20,0,290,323,0,429,8],"f":[0.0186915887850467,0,0.271028037383178,0.301869158878505,0,0.400934579439252,0.00747663551401869]},"Open":{"old_value":["Open","Reopened","Open","Reopened","Open","0","0","Open","Reopened","0"],"new_value":["Closed","Closed","In Progress","In Progress","Open","Ready To Review","Reopened","Resolved","Resolved","Reviewable"],"issue":[456,101,1053,57,1,0,0,3647,558,0],"f":[0.0776434530904138,0.0171973437766048,0.17929507917589,0.00970543163630172,0.000170270730461434,0,0,0.620977353992849,0.09501106759748,0]},"Ready To Review":{"old_value":["0","0","Ready To Review","0","0","Ready To Review","0"],"new_value":["Closed","In Progress","Open","Ready To Review","Reopened","Resolved","Reviewable"],"issue":[0,0,18,0,0,291,0],"f":[0,0,0.058252427184466,0,0,0.941747572815534,0]},"Reopened":{"old_value":["Reopened","Reopened","0","0","0","Reopened","0"],"new_value":["Closed","In Progress","Open","Ready To Review","Reopened","Resolved","Reviewable"],"issue":[101,57,0,0,0,558,0],"f":[0.141061452513966,0.079608938547486,0,0,0,0.779329608938548,0]},"Resolved":{"old_value":["Resolved","0","0","0","Resolved","0","0"],"new_value":["Closed","In Progress","Open","Ready To Review","Reopened","Resolved","Reviewable"],"issue":[3177,0,0,0,616,0,0],"f":[0.837595570788294,0,0,0,0.162404429211706,0,0]},"Reviewable":{"old_value":["0","0","Reviewable","0","0","Reviewable","0"],"new_value":["Closed","In Progress","Open","Ready To Review","Reopened","Resolved","Reviewable"],"issue":[0,0,1,0,0,6,0],"f":[0,0,0.142857142857143,0,0,0.857142857142857,0]}}