{"data":{"years":[2012,2013,2014],"X0.99":[567601.760000002,378047.799999999,171242],"X0.95":[338711.3,215979.4,93224.5999999997],"X0.5":[8046,8519,4747],"X0.25":[456,963,214]},"labels":[0.99,0.95,0.5,0.25]}