{"Closed":{"old_value":["0","0","0","0","Closed","0","0"],"new_value":["Closed","In Progress","Open","Ready To Review","Reopened","Resolved","Reviewable"],"issue":[0,0,0,0,153,0,0],"f":[0,0,0,0,1,0,0]},"In Progress":{"old_value":["In Progress","0","In Progress","In Progress","0","In Progress","In Progress"],"new_value":["Closed","In Progress","Open","Ready To Review","Reopened","Resolved","Reviewable"],"issue":[23,0,346,330,0,499,68],"f":[0.0181674565560821,0,0.273301737756714,0.260663507109005,0,0.394154818325434,0.0537124802527646]},"Open":{"old_value":["Open","Reopened","Open","Reopened","Open","0","Reopened","Open","Reopened","0"],"new_value":["Closed","Closed","In Progress","In Progress","Open","Ready To Review","Reopened","Resolved","Resolved","Reviewable"],"issue":[518,112,1278,65,1,0,1,4480,638,0],"f":[0.0730297476385168,0.0157902157056253,0.180177639926688,0.00916396447201466,0.000140984068800226,0,0.000140984068800226,0.631608628225011,0.0899478358945439,0]},"Ready To Review":{"old_value":["0","0","Ready To Review","0","0","Ready To Review","0"],"new_value":["Closed","In Progress","Open","Ready To Review","Reopened","Resolved","Reviewable"],"issue":[0,0,19,0,0,296,0],"f":[0,0,0.0603174603174603,0,0,0.93968253968254,0]},"Reopened":{"old_value":["Reopened","Reopened","0","0","Reopened","Reopened","0"],"new_value":["Closed","In Progress","Open","Ready To Review","Reopened","Resolved","Reviewable"],"issue":[112,65,0,0,1,638,0],"f":[0.137254901960784,0.079656862745098,0,0,0.00122549019607843,0.781862745098039,0]},"Resolved":{"old_value":["Resolved","0","0","0","Resolved","0","0"],"new_value":["Closed","In Progress","Open","Ready To Review","Reopened","Resolved","Reviewable"],"issue":[3349,0,0,0,729,0,0],"f":[0.821235899950956,0,0,0,0.178764100049044,0,0]},"Reviewable":{"old_value":["0","0","Reviewable","0","0","Reviewable","0"],"new_value":["Closed","In Progress","Open","Ready To Review","Reopened","Resolved","Reviewable"],"issue":[0,0,3,0,0,56,0],"f":[0,0,0.0508474576271186,0,0,0.949152542372881,0]}}