{"data":{"years":[2012,2013,2014],"X0.99":[461131.350000001,321322.44,74706.5],"X0.95":[330027.5,191269.4,58307.2999999999],"X0.5":[7986,8194,1515],"X0.25":[442.25,948,48]},"labels":[0.99,0.95,0.5,0.25]}