{"data":{"years":[2012,2013,2014],"X0.99":[461131.350000001,322317.35,88370.2799999999],"X0.95":[330027.5,191873,58957.1],"X0.5":[7986,8203.5,1518.5],"X0.25":[442.25,948,54.75]},"labels":[0.99,0.95,0.5,0.25]}