{"Closed":{"old_value":["0","0","0","0","Closed","0","0"],"new_value":["Closed","In Progress","Open","Ready To Review","Reopened","Resolved","Reviewable"],"issue":[0,0,0,0,148,0,0],"f":[0,0,0,0,1,0,0]},"In Progress":{"old_value":["In Progress","0","In Progress","In Progress","0","In Progress","In Progress"],"new_value":["Closed","In Progress","Open","Ready To Review","Reopened","Resolved","Reviewable"],"issue":[22,0,324,330,0,478,50],"f":[0.0182724252491694,0,0.269102990033223,0.274086378737542,0,0.397009966777409,0.0415282392026578]},"Open":{"old_value":["Open","Reopened","Open","Reopened","Open","0","Reopened","Open","Reopened","0"],"new_value":["Closed","Closed","In Progress","In Progress","Open","Ready To Review","Reopened","Resolved","Resolved","Reviewable"],"issue":[500,109,1222,63,1,0,1,4217,615,0],"f":[0.0743162901307967,0.0162009512485137,0.181629013079667,0.00936385255648038,0.000148632580261593,0,0.000148632580261593,0.626783590963139,0.0914090368608799,0]},"Ready To Review":{"old_value":["0","0","Ready To Review","0","0","Ready To Review","0"],"new_value":["Closed","In Progress","Open","Ready To Review","Reopened","Resolved","Reviewable"],"issue":[0,0,19,0,0,296,0],"f":[0,0,0.0603174603174603,0,0,0.93968253968254,0]},"Reopened":{"old_value":["Reopened","Reopened","0","0","Reopened","Reopened","0"],"new_value":["Closed","In Progress","Open","Ready To Review","Reopened","Resolved","Reviewable"],"issue":[109,63,0,0,1,615,0],"f":[0.138324873096447,0.0799492385786802,0,0,0.00126903553299492,0.780456852791878,0]},"Resolved":{"old_value":["Resolved","0","0","0","Resolved","0","0"],"new_value":["Closed","In Progress","Open","Ready To Review","Reopened","Resolved","Reviewable"],"issue":[3306,0,0,0,702,0,0],"f":[0.824850299401198,0,0,0,0.175149700598802,0,0]},"Reviewable":{"old_value":["0","0","Reviewable","0","0","Reviewable","0"],"new_value":["Closed","In Progress","Open","Ready To Review","Reopened","Resolved","Reviewable"],"issue":[0,0,3,0,0,38,0],"f":[0,0,0.0731707317073171,0,0,0.926829268292683,0]}}