{"data":{"years":[2012,2013,2014],"X0.99":[461131.350000001,322317.35,88330.5199999999],"X0.95":[330027.5,191873,58943.4],"X0.5":[7986,8203.5,1518],"X0.25":[442.25,948,55]},"labels":[0.99,0.95,0.5,0.25]}