{"data":{"years":[2012,2013,2014],"X0.99":[567601.760000002,386035.579999996,193820.66],"X0.95":[338711.3,216356.2,111039.6],"X0.5":[8046,8538,5511.5],"X0.25":[456,963.5,244.5]},"labels":[0.99,0.95,0.5,0.25]}