{"data":{"years":[2012,2013,2014],"X0.99":[974740.28,545859.19,327048.839999999],"X0.95":[370490.5,276501.899999998,153384.7],"X0.5":[8236,8844,5999],"X0.25":[490.5,1021.75,265.5]},"labels":[0.99,0.95,0.5,0.25]}