{"data":{"years":[2012,2013,2014],"X0.99":[593929.729999999,403156.03,192466.070000001],"X0.95":[346185.55,217855.5,112639.2],"X0.5":[8087.5,8559,5459.5],"X0.25":[462,965.5,245.5]},"labels":[0.99,0.95,0.5,0.25]}