{"data":{"years":[2012,2013,2014],"X0.99":[567601.760000002,378047.799999999,171348.5],"X0.95":[338711.3,215979.4,93905.3000000001],"X0.5":[8046,8519,4854],"X0.25":[456,963,223.5]},"labels":[0.99,0.95,0.5,0.25]}