{"data":{"years":[2012,2013,2014],"X0.99":[567601.760000002,385614.799999996,193130.06],"X0.95":[338711.3,217789,113477.55],"X0.5":[8046,8553,5511.5],"X0.25":[456,964,245.5]},"labels":[0.99,0.95,0.5,0.25]}