{"data":{"years":[2012,2013,2014],"X0.99":[503508.119999999,324797.73,90063.92],"X0.95":[332717.4,197168.65,62679.5999999999],"X0.5":[8016,8273.5,2111],"X0.25":[444,949.25,81]},"labels":[0.99,0.95,0.5,0.25]}