{"data":{"years":[2012,2013,2014],"X0.99":[593929.729999999,413576.579999999,199176.05],"X0.95":[346185.55,219253.4,116526.5],"X0.5":[8087.5,8599,5511.5],"X0.25":[462,971.5,261.25]},"labels":[0.99,0.95,0.5,0.25]}