{"data":{"years":[2012,2013,2014],"X0.99":[461131.350000001,321272.56,69417.5999999999],"X0.95":[330027.5,189549.5,49313],"X0.5":[7986,8177.5,1258],"X0.25":[442.25,940.5,40]},"labels":[0.99,0.95,0.5,0.25]}