{"data":{"years":[2012,2013,2014],"X0.99":[461131.350000001,322332.34,83979.6599999999],"X0.95":[330027.5,191906.6,58747.9],"X0.5":[7986,8196,1411.5],"X0.25":[442.25,948,51.25]},"labels":[0.99,0.95,0.5,0.25]}