{"data":{"years":[2012,2013,2014],"X0.99":[461131.350000001,322332.34,83459.9599999997],"X0.95":[330027.5,191906.6,58747.4],"X0.5":[7986,8196,1493],"X0.25":[442.25,948,54]},"labels":[0.99,0.95,0.5,0.25]}