{"data":{"years":[2012,2013,2014],"X0.99":[503508.119999999,331807.15,136064.04],"X0.95":[332717.4,202156.25,72406.9499999999],"X0.5":[8016,8345.5,2912.5],"X0.25":[444,951,130.25]},"labels":[0.99,0.95,0.5,0.25]}