{"data":{"years":[2012,2013,2014],"X0.99":[567601.760000002,386245.97,179179.299999999],"X0.95":[338711.3,216137.8,98676],"X0.5":[8046,8528.5,5478],"X0.25":[456,963.25,227]},"labels":[0.99,0.95,0.5,0.25]}