{"data":{"years":[2012,2013,2014],"X0.99":[503508.119999999,349690.3,166018.55],"X0.95":[332717.4,212160.349999999,90723.85],"X0.5":[8016,8480,4522],"X0.25":[444,959,192.75]},"labels":[0.99,0.95,0.5,0.25]}