{"data":{"years":[2012,2013,2014],"X0.99":[974740.28,518688.359999998,295361.100000001],"X0.95":[370490.5,261310,149483.1],"X0.5":[8236,8786,5943],"X0.25":[490.5,1014.5,280]},"labels":[0.99,0.95,0.5,0.25]}