{"data":{"years":[2012,2013,2014],"X0.99":[503508.119999999,322317.35,88940.49],"X0.95":[332717.4,191873,59778.4499999999],"X0.5":[8016,8203.5,1639],"X0.25":[444,948,74]},"labels":[0.99,0.95,0.5,0.25]}