{"data":{"years":[2012,2013,2014],"X0.99":[503508.119999999,327184.449999999,129381.36],"X0.95":[332717.4,199008.8,70868.9],"X0.5":[8016,8335,2646],"X0.25":[444,950.25,107]},"labels":[0.99,0.95,0.5,0.25]}