{"data":{"years":[2012,2013,2014,2015],"X0.99":[1003969.92,567731.800000001,328930.339999999,4],"X0.95":[375255,285313.85,153324.65,4],"X0.5":[8697,8858.5,5828.5,4],"X0.25":[511,1025.25,239,4]},"labels":[0.99,0.95,0.5,0.25]}