{"data":{"years":[2012,2013,2014],"X0.99":[1003969.92,567731.800000001,329457.160000001],"X0.95":[375255,285313.85,153384.3],"X0.5":[8697,8858.5,5779],"X0.25":[511,1025.25,238.5]},"labels":[0.99,0.95,0.5,0.25]}