{"data":{"years":[2013,2014],"X0.99":[21652.5000000005,18233.7000000001],"X0.95":[4448.25,4776.4],"X0.5":[37,49],"X0.25":[4,5]},"labels":[0.99,0.95,0.5,0.25]}