{"data":{"years":[2013,2014],"X0.99":[21652.5000000005,18964.5299999999],"X0.95":[4448.25,4206.45],"X0.5":[37,46.5],"X0.25":[4,5]},"labels":[0.99,0.95,0.5,0.25]}