{"data":{"years":[2011,2012,2013,2014,2015],"X0.99":[527045,29970.26,20332.4000000001,28701.68,3971.66],"X0.95":[527045,6328.84999999996,5080,5922.00000000001,1766.29999999999],"X0.5":[527045,76,43,61,86],"X0.25":[527045,12,5,7,9.5]},"labels":[0.99,0.95,0.5,0.25]}