{"data":{"years":[2013,2014],"X0.99":[21652.5000000005,16719.9500000002],"X0.95":[4448.25,4059.6],"X0.5":[37,42],"X0.25":[4,5]},"labels":[0.99,0.95,0.5,0.25]}