{"data":{"years":[2011,2012,2013,2014,2015],"X0.99":[527045,29970.26,20332.4000000001,28802.03,6279.09],"X0.95":[527045,6328.84999999996,5080,5987.45000000001,2728.79999999999],"X0.5":[527045,76,43,61,68],"X0.25":[527045,12,5,7,10]},"labels":[0.99,0.95,0.5,0.25]}