{"data":{"years":[2013,2014],"X0.99":[21652.5000000005,15888.6499999998],"X0.95":[4448.25,4063.2],"X0.5":[37,44],"X0.25":[4,5]},"labels":[0.99,0.95,0.5,0.25]}