{"data":{"years":[2011,2012,2013,2014,2015],"X0.99":[527045,29970.26,20332.4000000001,28763.3,6719.16000000001],"X0.95":[527045,6328.84999999996,5080,5980.5,3296],"X0.5":[527045,76,43,61,71],"X0.25":[527045,12,5,7,9]},"labels":[0.99,0.95,0.5,0.25]}