{"data":{"years":[2013,2014],"X0.99":[22847.96,19353.9599999999],"X0.95":[4457.65,5543.59999999998],"X0.5":[37,54],"X0.25":[4,5]},"labels":[0.99,0.95,0.5,0.25]}