{"data":{"years":[2013,2014],"X0.99":[22847.96,19410.9100000001],"X0.95":[4457.65,5679.64999999999],"X0.5":[37,53],"X0.25":[4,5]},"labels":[0.99,0.95,0.5,0.25]}