{"data":{"years":[2013,2014],"X0.99":[21652.5000000005,18401.2000000001],"X0.95":[4448.25,5718.29999999998],"X0.5":[37,52],"X0.25":[4,5]},"labels":[0.99,0.95,0.5,0.25]}