{"data":{"years":[2011,2012,2013,2014],"X0.99":[527045,29970.26,20332.4000000001,27692.0499999999],"X0.95":[527045,6328.84999999996,5080,5703.75],"X0.5":[527045,76,43,59],"X0.25":[527045,12,5,6]},"labels":[0.99,0.95,0.5,0.25]}