{"data":{"years":[2013,2014],"X0.99":[22671.08,19558.9800000002],"X0.95":[4454.9,5706.09999999999],"X0.5":[37,53],"X0.25":[4,5]},"labels":[0.99,0.95,0.5,0.25]}