{"data":{"years":[2013,2014],"X0.99":[22850.72,23163.15],"X0.95":[4610.59999999999,5352.44999999999],"X0.5":[39,57],"X0.25":[4,6]},"labels":[0.99,0.95,0.5,0.25]}